US,UNITED STATES,2022-04-15,Good Friday
GB,UNITED KINGDOM,2022-04-15,Good Friday
GB,UNITED KINGDOM,2023-12-25,Christmas Day
GB,UNITED KINGDOM,2023-12-26,Boxing Day
US,UNITED STATES,2024-12-25,Christmas Day
US,UNITED STATES,2024-01-01,First Day
GB,UNITED KINGDOM,2024-04-15,Good Friday
US,UNITED STATES,2024-11-25,Good Day
US,UNITED STATES,2024-02-01,Good Day
GB,UNITED KINGDOM,2024-05-15,Good Day
GB,UNITED KINGDOM,2023-08-15,Good Day
SG,SINGAPORE,2024-11-25,Good Day
SG,SINGAPORE,2024-02-01,Good Day
CN,CHINA,2024-05-15,Good Day
CN,CHINA,2023-08-15,Good Day
SG,SINGAPORE,2024-10-25,GoodDay
SG,SINGAPORE,2024-02-08,Good Day
CN,CHINA,2024-06-15,Good Day
CN,CHINA,2023-09-15,Good Day
SG,SINGAPORE,2024-10-26,GoodDay
SG,SINGAPORE,2024-03-08,Good Day
CN,CHINA,2024-06-16,Good Day
CN,CHINA,2023-09-16,Good Day
